[{"created_at":"Tue Sep 30 19:16:12 +0000 2014","id":517030168968192000,"id_str":"517030168968192000","text":"Get it free: Improve Your Designs With 100 Free Hi-Res Images From Bigstock https:\/\/t.co\/U3FAnZziBt przez @StackSocial","source":"\u003ca href=\"https:\/\/dev.twitter.com\/docs\/tfw\" rel=\"nofollow\"\u003eTwitter for Websites\u003c\/a\u003e","truncated":false,"in_reply_to_status_id":null,"in_reply_to_status_id_str":null,"in_reply_to_user_id":null,"in_reply_to_user_id_str":null,"in_reply_to_screen_name":null,"user":{"id":1357558309,"id_str":"1357558309","name":"Suelo","screen_name":"suelopl","location":"","profile_location":null,"description":"","url":"http:\/\/t.co\/uHfSuVBenB","entities":{"url":{"urls":[{"url":"http:\/\/t.co\/uHfSuVBenB","expanded_url":"http:\/\/suelo.pl","display_url":"suelo.pl","indices":[0,22]}]},"description":{"urls":[]}},"protected":false,"followers_count":4,"friends_count":10,"listed_count":0,"created_at":"Tue Apr 16 18:19:58 +0000 2013","favourites_count":0,"utc_offset":null,"time_zone":null,"geo_enabled":false,"verified":false,"statuses_count":13,"lang":"pl","contributors_enabled":false,"is_translator":false,"is_translation_enabled":false,"profile_background_color":"FFFFFF","profile_background_image_url":"http:\/\/pbs.twimg.com\/profile_background_images\/378800000109777541\/71e64471ecfba28e754bc5f20e5de9fc.jpeg","profile_background_image_url_https":"https:\/\/pbs.twimg.com\/profile_background_images\/378800000109777541\/71e64471ecfba28e754bc5f20e5de9fc.jpeg","profile_background_tile":true,"profile_image_url":"http:\/\/pbs.twimg.com\/profile_images\/486819076237307904\/Svv3VhxV_normal.jpeg","profile_image_url_https":"https:\/\/pbs.twimg.com\/profile_images\/486819076237307904\/Svv3VhxV_normal.jpeg","profile_banner_url":"https:\/\/pbs.twimg.com\/profile_banners\/1357558309\/1404901772","profile_link_color":"E9782D","profile_sidebar_border_color":"000000","profile_sidebar_fill_color":"DDEEF6","profile_text_color":"333333","profile_use_background_image":false,"default_profile":false,"default_profile_image":false,"following":false,"follow_request_sent":false,"notifications":false},"geo":null,"coordinates":null,"place":null,"contributors":null,"retweet_count":0,"favorite_count":0,"entities":{"hashtags":[],"symbols":[],"user_mentions":[{"screen_name":"StackSocial","name":"StackSocial","id":243742269,"id_str":"243742269","indices":[106,118]}],"urls":[{"url":"https:\/\/t.co\/U3FAnZziBt","expanded_url":"https:\/\/stacksocial.com\/sales\/improve-your-designs-with-100-hi-res-images-free-for-10-days?rid=1080744","display_url":"stacksocial.com\/sales\/improve-\u2026","indices":[76,99]}]},"favorited":false,"retweeted":false,"possibly_sensitive":false,"lang":"en"},{"created_at":"Fri Sep 12 22:14:57 +0000 2014","id":510552170295336960,"id_str":"510552170295336960","text":"Here are 4 photo based iPhone and iPad #mockups released by @PremiumMockups  http:\/\/t.co\/8VZ1kXYmKk","source":"\u003ca href=\"https:\/\/dev.twitter.com\/docs\/tfw\" rel=\"nofollow\"\u003eTwitter for Websites\u003c\/a\u003e","truncated":false,"in_reply_to_status_id":null,"in_reply_to_status_id_str":null,"in_reply_to_user_id":null,"in_reply_to_user_id_str":null,"in_reply_to_screen_name":null,"user":{"id":1357558309,"id_str":"1357558309","name":"Suelo","screen_name":"suelopl","location":"","profile_location":null,"description":"","url":"http:\/\/t.co\/uHfSuVBenB","entities":{"url":{"urls":[{"url":"http:\/\/t.co\/uHfSuVBenB","expanded_url":"http:\/\/suelo.pl","display_url":"suelo.pl","indices":[0,22]}]},"description":{"urls":[]}},"protected":false,"followers_count":4,"friends_count":10,"listed_count":0,"created_at":"Tue Apr 16 18:19:58 +0000 2013","favourites_count":0,"utc_offset":null,"time_zone":null,"geo_enabled":false,"verified":false,"statuses_count":13,"lang":"pl","contributors_enabled":false,"is_translator":false,"is_translation_enabled":false,"profile_background_color":"FFFFFF","profile_background_image_url":"http:\/\/pbs.twimg.com\/profile_background_images\/378800000109777541\/71e64471ecfba28e754bc5f20e5de9fc.jpeg","profile_background_image_url_https":"https:\/\/pbs.twimg.com\/profile_background_images\/378800000109777541\/71e64471ecfba28e754bc5f20e5de9fc.jpeg","profile_background_tile":true,"profile_image_url":"http:\/\/pbs.twimg.com\/profile_images\/486819076237307904\/Svv3VhxV_normal.jpeg","profile_image_url_https":"https:\/\/pbs.twimg.com\/profile_images\/486819076237307904\/Svv3VhxV_normal.jpeg","profile_banner_url":"https:\/\/pbs.twimg.com\/profile_banners\/1357558309\/1404901772","profile_link_color":"E9782D","profile_sidebar_border_color":"000000","profile_sidebar_fill_color":"DDEEF6","profile_text_color":"333333","profile_use_background_image":false,"default_profile":false,"default_profile_image":false,"following":false,"follow_request_sent":false,"notifications":false},"geo":null,"coordinates":null,"place":null,"contributors":null,"retweet_count":0,"favorite_count":0,"entities":{"hashtags":[{"text":"mockups","indices":[39,47]}],"symbols":[],"user_mentions":[{"screen_name":"PremiumMockups","name":"Premium Mockups","id":2754972534,"id_str":"2754972534","indices":[60,75]}],"urls":[{"url":"http:\/\/t.co\/8VZ1kXYmKk","expanded_url":"http:\/\/goo.gl\/kyTxfu","display_url":"goo.gl\/kyTxfu","indices":[77,99]}]},"favorited":false,"retweeted":false,"possibly_sensitive":false,"lang":"en"}]