[{"created_at":"Mon Mar 16 05:12:53 +0000 2015","id":577336713141469185,"id_str":"577336713141469185","text":"Marked as to-read: Club Monstrosity by Jesse Petersen http:\/\/t.co\/CcXHFq6b3f","source":"\u003ca href=\"http:\/\/www.goodreads.com\" rel=\"nofollow\"\u003eGoodreads\u003c\/a\u003e","truncated":false,"in_reply_to_status_id":null,"in_reply_to_status_id_str":null,"in_reply_to_user_id":null,"in_reply_to_user_id_str":null,"in_reply_to_screen_name":null,"user":{"id":14222751,"id_str":"14222751","name":"Consuelo","screen_name":"Suelo","location":"denver, co","profile_location":null,"description":"","url":null,"entities":{"description":{"urls":[]}},"protected":false,"followers_count":19,"friends_count":47,"listed_count":0,"created_at":"Wed Mar 26 03:54:18 +0000 2008","favourites_count":3,"utc_offset":-21600,"time_zone":"Mountain Time (US & Canada)","geo_enabled":false,"verified":false,"statuses_count":1091,"lang":"en","contributors_enabled":false,"is_translator":false,"is_translation_enabled":false,"profile_background_color":"1A1B1F","profile_background_image_url":"http:\/\/abs.twimg.com\/images\/themes\/theme9\/bg.gif","profile_background_image_url_https":"https:\/\/abs.twimg.com\/images\/themes\/theme9\/bg.gif","profile_background_tile":false,"profile_image_url":"http:\/\/pbs.twimg.com\/profile_images\/1167126612\/100_0300a_normal.jpg","profile_image_url_https":"https:\/\/pbs.twimg.com\/profile_images\/1167126612\/100_0300a_normal.jpg","profile_link_color":"2FC2EF","profile_sidebar_border_color":"181A1E","profile_sidebar_fill_color":"252429","profile_text_color":"666666","profile_use_background_image":true,"default_profile":false,"default_profile_image":false,"following":false,"follow_request_sent":false,"notifications":false},"geo":null,"coordinates":null,"place":null,"contributors":null,"retweet_count":0,"favorite_count":0,"entities":{"hashtags":[],"symbols":[],"user_mentions":[],"urls":[{"url":"http:\/\/t.co\/CcXHFq6b3f","expanded_url":"http:\/\/goodreads.com\/review\/show\/1228700122","display_url":"goodreads.com\/review\/show\/12\u2026","indices":[54,76]}]},"favorited":false,"retweeted":false,"possibly_sensitive":false,"lang":"en"},{"created_at":"Fri Mar 13 17:49:28 +0000 2015","id":576439949001633792,"id_str":"576439949001633792","text":"Marked as to-read: The Mysterious Benedict Society by Trenton Lee Stewart http:\/\/t.co\/uDx60zfasV","source":"\u003ca href=\"http:\/\/www.goodreads.com\" rel=\"nofollow\"\u003eGoodreads\u003c\/a\u003e","truncated":false,"in_reply_to_status_id":null,"in_reply_to_status_id_str":null,"in_reply_to_user_id":null,"in_reply_to_user_id_str":null,"in_reply_to_screen_name":null,"user":{"id":14222751,"id_str":"14222751","name":"Consuelo","screen_name":"Suelo","location":"denver, co","profile_location":null,"description":"","url":null,"entities":{"description":{"urls":[]}},"protected":false,"followers_count":19,"friends_count":47,"listed_count":0,"created_at":"Wed Mar 26 03:54:18 +0000 2008","favourites_count":3,"utc_offset":-21600,"time_zone":"Mountain Time (US & Canada)","geo_enabled":false,"verified":false,"statuses_count":1091,"lang":"en","contributors_enabled":false,"is_translator":false,"is_translation_enabled":false,"profile_background_color":"1A1B1F","profile_background_image_url":"http:\/\/abs.twimg.com\/images\/themes\/theme9\/bg.gif","profile_background_image_url_https":"https:\/\/abs.twimg.com\/images\/themes\/theme9\/bg.gif","profile_background_tile":false,"profile_image_url":"http:\/\/pbs.twimg.com\/profile_images\/1167126612\/100_0300a_normal.jpg","profile_image_url_https":"https:\/\/pbs.twimg.com\/profile_images\/1167126612\/100_0300a_normal.jpg","profile_link_color":"2FC2EF","profile_sidebar_border_color":"181A1E","profile_sidebar_fill_color":"252429","profile_text_color":"666666","profile_use_background_image":true,"default_profile":false,"default_profile_image":false,"following":false,"follow_request_sent":false,"notifications":false},"geo":null,"coordinates":null,"place":null,"contributors":null,"retweet_count":0,"favorite_count":1,"entities":{"hashtags":[],"symbols":[],"user_mentions":[],"urls":[{"url":"http:\/\/t.co\/uDx60zfasV","expanded_url":"http:\/\/goodreads.com\/review\/show\/1226456339","display_url":"goodreads.com\/review\/show\/12\u2026","indices":[74,96]}]},"favorited":false,"retweeted":false,"possibly_sensitive":false,"lang":"en"}]